{"cameraMode":{"drawMode":0,"name":"Shaded","section":"Shading Mode"},"sceneLighting":false,"audioPlay":false,"sceneViewState":{"showFog":true,"showMaterialUpdate":true,"showSkybox":false,"showFlares":true,"showImageEffects":true,"showParticleSystems":true},"in2DMode":false,"pivot":{"x":-0.008999943733215332,"y":1.0109999179840088,"z":0.03400003910064697},"rotation":{"x":0.03163931891322136,"y":0.6907870173454285,"z":-0.03028310462832451,"w":0.7217307686805725},"size":1.1649775505065919,"orthographic":false}