{"cameraMode":{"drawMode":0,"name":"Shaded","section":"Shading Mode"},"sceneLighting":false,"audioPlay":false,"sceneViewState":{"showFog":true,"showMaterialUpdate":true,"showSkybox":false,"showFlares":true,"showImageEffects":true,"showParticleSystems":true},"in2DMode":false,"pivot":{"x":2.98250675201416,"y":0.92763352394104,"z":-1.9455993175506592},"rotation":{"x":0.0005820502992719412,"y":0.9843162894248962,"z":-0.17638178169727326,"w":0.0032494133338332178},"size":5.067057132720947,"orthographic":false}